Unnamed: 0,Search Term,Address,Status
0,"NATIONAL HEART, LUNG, AND BLOOD INSTITUTE","Adresse : 9000 Rockville Pike, Bethesda, MD 20892, Vereinigte Staaten",Found
1,NATIONAL INSTITUTE OF ALLERGY AND INFECTIOUS DISEASES,"Adresse : 5601 Fishers Lane, Rockville, MD 20852, Vereinigte Staaten",Found
2,OSTIIO LLC,"Adresse : 1209 Orange St, Wilmington, DE 19801, Vereinigte Staaten",Found
3,University of Michigan,"Adresse : 500 S State St, Ann Arbor, MI 48109, Vereinigte Staaten",Found
4,University of Wisconsin-Madison,"Adresse : 500 Lincoln Dr, Madison, WI 53706, Vereinigte Staaten",Found
5,Emory University,"Adresse : 201 Dowman Dr, Atlanta, GA 30322, Vereinigte Staaten",Found
6,University of Idaho,"Adresse : 875 Perimeter Dr, Moscow, ID 83844, Vereinigte Staaten",Found
7,University of Wyoming,"Adresse : 1000 E University Ave, Laramie, WY 82071, Vereinigte Staaten",Found
8,Bowling Green State University,"Adresse : 1001 E Wooster St, Bowling Green, OH 43403, Vereinigte Staaten",Found
9,Western Washington University,"Adresse : 516 High St, Bellingham, WA 98225, Vereinigte Staaten",Found
10,Case Western Reserve University,"Adresse : 10900 Euclid Ave, Cleveland, OH 44106, Vereinigte Staaten",Found
11,Lawrence Technological University,"Adresse : 21000 W 10 Mile Rd, Southfield, MI 48075, Vereinigte Staaten",Found
12,Yale University,"Adresse : New Haven, CT 06520, Vereinigte Staaten",Found
13,Johns Hopkins University,"Adresse : Baltimore, MD 21218, Vereinigte Staaten",Found
14,"Board of Regents, NSHE,","Adresse : 2601 Enterprise Rd, Reno, NV 89512, Vereinigte Staaten",Found
15,Incorporated Research Institutions for Seismology,"Adresse : 1200 New York Ave NW, Washington, DC 20005, Vereinigte Staaten",Found
16,John Carroll University,"Adresse : 1 John Carroll Blvd, University Heights, OH 44118, Vereinigte Staaten",Found
17,Illinois Wesleyan University,"Adresse : 1312 Park St, Bloomington, IL 61701, Vereinigte Staaten",Found
18,Woods Hole Oceanographic Institution,"Adresse : 266 Woods Hole Rd, Woods Hole, MA 02543, Vereinigte Staaten",Found
19,Washington University,"Adresse : 1 Brookings Dr, St. Louis, MO 63130, Vereinigte Staaten",Found
20,New Mexico Institute of Mining and Technology,"Adresse : 801 Leroy Pl, Socorro, NM 87801, Vereinigte Staaten",Found
21,Rice University,"Adresse : 6100 Main St, Houston, TX 77005, Vereinigte Staaten",Found
22,University of Oregon Eugene,"Adresse : 1585 E 13th Ave, Eugene, OR 97403, Vereinigte Staaten",Found
23,Dartmouth College,"Adresse : Hanover, NH 03755, Vereinigte Staaten",Found
24,University of Massachusetts Amherst,"Adresse : 300 Massachusetts Ave, Amherst, MA 01003, Vereinigte Staaten",Found
25,Michigan State University,"Adresse : East Lansing, MI, Vereinigte Staaten",Found
26,University of Illinois at Chicago,"Adresse : 1200 W Harrison St, Chicago, IL 60607, Vereinigte Staaten",Found
27,"University of Massachusetts, Dartmouth","Adresse : 285 Old Westport Rd, Dartmouth, MA 02747, Vereinigte Staaten",Found
28,University of Minnesota,"Adresse : Minneapolis, MN 55455, Vereinigte Staaten",Found
29,Florida International University,"Adresse : 11200 SW 8th St, Miami, FL 33199, Vereinigte Staaten",Found
30,University of Arizona,"Adresse : 1200 E University Blvd, Tucson, AZ 85721, Vereinigte Staaten",Found
31,University of Vermont,"Adresse : Burlington, VT 05405, Vereinigte Staaten",Found
32,Duke University,"Adresse : Durham, NC 27708, Vereinigte Staaten",Found
33,University of Central Florida,"Adresse : 4000 Central Florida Blvd, Orlando, FL 32816, Vereinigte Staaten",Found
34,University of Illinois at Urbana-Champaign,"Adresse : Champaign, IL, Vereinigte Staaten",Found
35,Texas State University,"Adresse : 601 University Dr, San Marcos, TX 78666, Vereinigte Staaten",Found
36,University of Florida,"Adresse : Gainesville, FL 32611, Vereinigte Staaten",Found
37,Florida State University,"Adresse : 222 S Copeland St, Tallahassee, FL 32306, Vereinigte Staaten",Found
38,University of Connecticut,"Adresse : 352 Mansfield Rd, Storrs, CT 06269, Vereinigte Staaten",Found
39,University of California-Riverside,"Adresse : 900 University Ave, Riverside, CA 92521, Vereinigte Staaten",Found
40,Iowa State University,"Adresse : Ames, IA 50011, Vereinigte Staaten",Found
41,University of South Florida,"Adresse : 4202 E Fowler Ave, Tampa, FL 33620, Vereinigte Staaten",Found
42,Ohio State University,"Adresse : 281 W Lane Ave, Columbus, OH 43210, Vereinigte Staaten",Found
43,Texas A&M University Main Campus,"Adresse : 400 Bizzell St, College Station, TX 77843, Vereinigte Staaten",Found
44,University of Nebraska-Lincoln,"Adresse : 1400 R St, Lincoln, NE 68588, Vereinigte Staaten",Found
45,Bowdoin College,"Adresse : 255 Maine St, Brunswick, ME 04011, Vereinigte Staaten",Found
46,William & Mary,"Adresse : P.O. Box 8795, Williamsburg, VA 23187, Vereinigte Staaten",Found
47,Oregon State University,"Adresse : 1500 SW Jefferson Way, Corvallis, OR 97331, Vereinigte Staaten",Found
48,University of Maine,"Adresse : 168 College Ave, Orono, ME 04469, Vereinigte Staaten",Found
49,University of Houston,"Adresse : 4302 University Dr, Houston, TX 77004, Vereinigte Staaten",Found
50,Southern Illinois University at Carbondale,"Adresse : Carbondale, IL 62901, Vereinigte Staaten",Found
51,Virginia Tech,"Adresse : Blacksburg, VA 24061, Vereinigte Staaten",Found
52,Harvey Mudd College,"Adresse : 301 Platt Blvd, Claremont, CA 91711, Vereinigte Staaten",Found
53,Boston University,"Adresse : Commonwealth Ave, Boston, MA 02215, Vereinigte Staaten",Found
54,Berry College,"Adresse : 2277 Martha Berry Hwy, Mt Berry, GA 30149, Vereinigte Staaten",Found
55,University of California-Davis,"Adresse : 1 Shields Ave, Davis, CA 95616, Vereinigte Staaten",Found
56,QUALITY EDUCATION FOR MINORITIES NETWORK,"Adresse : 1818 N St NW, Washington, DC 20036, Vereinigte Staaten",Found
57,University of Colorado at Boulder,"Adresse : Boulder, CO 80309, Vereinigte Staaten",Found
58,Gettysburg College,"Adresse : 300 N Washington St, Gettysburg, PA 17325, Vereinigte Staaten",Found
59,University of Georgia,"Adresse : University of Georgia Chapel, Herty Dr, Athens, GA 30602, Vereinigte Staaten",Found
60,Forsyth Technical Community College,"Adresse : 2100 Silas Creek Pkwy, Winston-Salem, NC 27103, Vereinigte Staaten",Found
61,South Dakota School of Mines and Technology,"Adresse : 501 E St Joseph St, Rapid City, SD 57701, Vereinigte Staaten",Found
62,University of Chicago,"Adresse : 5801 S Ellis Ave, Chicago, IL 60637, Vereinigte Staaten",Found
63,Biological Sciences Curriculum Study,"Adresse : 5415 Mark Dabling Blvd, Colorado Springs, CO 80918, Vereinigte Staaten",Found
64,Fisk University,"Adresse : 1000 17th Ave N, Nashville, TN 37208, Vereinigte Staaten",Found
65,Rensselaer Polytechnic Institute,"Adresse : 110 8th St, Troy, NY 12180, Vereinigte Staaten",Found
66,North Carolina Agricultural & Technical State University,"Adresse : 1601 E Market St, Greensboro, NC 27411, Vereinigte Staaten",Found
67,University of North Carolina at Charlotte,"Adresse : 9201 University City Blvd, Charlotte, NC 28223, Vereinigte Staaten",Found
68,University of California-Santa Barbara,"Adresse : Santa Barbara, CA 93106, Vereinigte Staaten",Found
69,Towson University,"Adresse : 8000 York Rd, Towson, MD 21252, Vereinigte Staaten",Found
70,University of Colorado Boulder,"Adresse : Boulder, CO 80309, Vereinigte Staaten",Found
71,University of California-Irvine,"Adresse : Irvine, CA 92697, Vereinigte Staaten",Found
72,University at Buffalo,"Adresse : 190 Founders Prom, Getzville, NY 14068, Vereinigte Staaten",Found
73,California Institute of Technology,"Adresse : 1200 E California Blvd, Pasadena, CA 91125, Vereinigte Staaten",Found
74,TERC Inc,"Adresse : 2067 Massachusetts Ave, Cambridge, MA 02140, Vereinigte Staaten",Found
75,"Bermuda Institute of Ocean Sciences (BIOS), Inc.","Adresse : 25 Biological Station, St.George's, Bermuda",Found
76,Colorado School of Mines,"Adresse : 1500 Illinois St, Golden, CO 80401, Vereinigte Staaten",Found
77,CUNY Herbert H. Lehman College,"Adresse : 250 Bedford Park Blvd W, Bronx, NY 10468, Vereinigte Staaten",Found
78,University of Texas at El Paso,"Adresse : 500 W University Ave, El Paso, TX 79968, Vereinigte Staaten",Found
79,Jackson State University,"Adresse : 1400 John R. Lynch St, Jackson, MS 39217, Vereinigte Staaten",Found
80,University of Puerto Rico-Rio Piedras,"Adresse : 6, 2526, 601 Av. Universidad, San Juan, 00925, Puerto Rico",Found
81,Barnard College,"Adresse : 3009 Broadway, New York, NY 10027, Vereinigte Staaten",Found
82,University of Texas at Austin,"Adresse : 2515 Speedway, Austin, TX 78712, Vereinigte Staaten",Found
83,University of Puerto Rico Mayaguez,"Adresse : 259 Av. Alfonso Valdés Cobián, Mayagüez, 00680, Puerto Rico",Found
84,CUNY City College,"Adresse : 160 Convent Ave, New York, NY 10031, Vereinigte Staaten",Found
85,Spelman College,"Adresse : 350 Spelman Ln SW, Atlanta, GA 30314, Vereinigte Staaten",Found
86,Hartnell College,"Adresse : 411 Central Ave, Salinas, CA 93901, Vereinigte Staaten",Found
87,Massachusetts Institute of Technology,"Adresse : 77 Massachusetts Ave, Cambridge, MA 02139, Vereinigte Staaten",Found
88,West Texas A&M University,"Adresse : 2501 4th Ave, Canyon, TX 79016, Vereinigte Staaten",Found
89,New Mexico State University,"Adresse : 1780 E University Ave, Las Cruces, NM 88003, Vereinigte Staaten",Found
90,CUNY Bronx Community College,"Adresse : 2155 University Ave, Bronx, NY 10453, Vereinigte Staaten",Found
91,University of Colorado at Denver-Downtown Campus,"Adresse : 1201 Larimer St, Denver, CO 80204, Vereinigte Staaten",Found
92,University of Memphis,"Adresse : 3720 Alumni Ave, Memphis, TN 38152, Vereinigte Staaten",Found
93,Stanford University,"Adresse : 450 Jane Stanford Way, Stanford, CA 94305, Vereinigte Staaten",Found
94,Arizona State University,"Adresse : 1151 S Forest Ave, Tempe, AZ, Vereinigte Staaten",Found
95,Georgia Institute of Technology,"Adresse : Atlanta, GA 30332, Vereinigte Staaten",Found
96,American Society For Engineering Education,"Adresse : 1818 N St NW, Washington, DC 20036, Vereinigte Staaten",Found
97,Utah State University,"Adresse : Old Main Hill, Logan, UT 84322, Vereinigte Staaten",Found
98,North Carolina State University,"Adresse : Raleigh, NC 27695, Vereinigte Staaten",Found
99,University of North Texas,"Adresse : 1155 Union Cir, Denton, TX 76205, Vereinigte Staaten",Found
100,Louisiana State University & Agricultural and Mechanical College,"Adresse : Pleasant Hall, 1146, Baton Rouge, LA 70802, Vereinigte Staaten",Found
101,University of Akron,"Adresse : 302 E Buchtel Ave, Akron, OH 44325, Vereinigte Staaten",Found
102,University of Maryland College Park,"Adresse : 7901 Regents Dr, College Park, MD 20742, Vereinigte Staaten",Found
103,Harvard University,"Adresse : Massachusetts Hall, Cambridge, MA 02138, Vereinigte Staaten",Found
104,Frederick Community College,"Adresse : 7932 Opossumtown Pike, Frederick, MD 21701, Vereinigte Staaten",Found
105,University of Washington,"Adresse : 1410 NE Campus Pkwy, Seattle, WA 98195, Vereinigte Staaten",Found
106,Pacific Lutheran University,"Adresse : 12180 Park Ave. S, Tacoma, WA 98447, Vereinigte Staaten",Found
107,University of New Mexico,"Adresse : 1155 University Blvd SE, Albuquerque, NM 87106, Vereinigte Staaten",Found
108,Purdue University,"Adresse : 610 Purdue Mall, West Lafayette, IN 47907, Vereinigte Staaten",Found
109,University Corporation For Atmospheric Res,"Adresse : 3090 Center Green Dr, Boulder, CO 80301, Vereinigte Staaten",Found
110,Salish Kootenai College,"Adresse : 58138 US-93, Pablo, MT 59855, Vereinigte Staaten",Found
111,University of California - Merced,"Adresse : 5200 Lake Rd, Merced, CA 95343, Vereinigte Staaten",Found
112,SRI International,"Adresse : 333 Ravenswood Ave, Menlo Park, CA 94025, Vereinigte Staaten",Found
113,University of Pittsburgh,"Adresse : 4200 Fifth Ave, Pittsburgh, PA 15260, Vereinigte Staaten",Found
114,George Mason University,"Adresse : 4400 University Dr, Fairfax, VA 22030, Vereinigte Staaten",Found
115,Texas Tech University,"Adresse : 2500 Broadway St, Lubbock, TX 79409, Vereinigte Staaten",Found
116,American Association For Advancement Science,"Adresse : 1200 New York Ave NW, Washington, DC 20005, Vereinigte Staaten",Found
117,Temple University,"Adresse : 1801 N Broad St, Philadelphia, PA 19122, Vereinigte Staaten",Found
118,Brown University,"Adresse : Providence, RI 02912, Vereinigte Staaten",Found
119,Pennsylvania State University,"Adresse : 201 Old Main, University Park, PA 16802, Vereinigte Staaten",Found
120,Lehigh University,"Adresse : 27 Memorial Dr W, Bethlehem, PA 18015, Vereinigte Staaten",Found
121,New York University,"Adresse : New York, NY 10012, Vereinigte Staaten",Found
122,The Trustees of Columbia University in the City of New York,"Adresse : Low Memorial Library, 535 W 116th St, New York, NY 10027, Vereinigte Staaten",Found
123,University of California-Berkeley,"Adresse : Berkeley, CA, Vereinigte Staaten",Found
124,University of Rochester,"Adresse : 186 Cumberland St, Rochester, NY 14609, Vereinigte Staaten",Found
125,University of Southern Mississippi,"Adresse : 118 College Dr, Hattiesburg, MS 39406, Vereinigte Staaten",Found
126,Carnegie-Mellon University,"Adresse : 5000 Forbes Ave, Pittsburgh, PA 15213, Vereinigte Staaten",Found
127,University of Utah,"Adresse : 201 Presidents' Cir, Salt Lake City, UT 84112, Vereinigte Staaten",Found
128,University of California-San Diego,"Adresse : 9500 Gilman Dr, La Jolla, CA 92093, Vereinigte Staaten",Found
129,DePaul University,"Adresse : 1 E Jackson Blvd, Chicago, IL 60604, Vereinigte Staaten",Found
130,University of Denver,"Adresse : Denver, CO 80210, Vereinigte Staaten",Found
131,Washington State University,"Adresse : 2425 Grimes Way, Pullman, WA 99164, Vereinigte Staaten",Found
132,Rutgers University,"Adresse : New Brunswick, NJ, Vereinigte Staaten",Found
133,Macalester College,"Adresse : 1600 Grand Ave, St Paul, MN 55105, Vereinigte Staaten",Found
134,Drexel University,"Adresse : 3141 Chestnut St, Philadelphia, PA 19104, Vereinigte Staaten",Found
135,University of New Hampshire,"Adresse : 105 Main St, Durham, NH 03824, Vereinigte Staaten",Found
136,Tulane University,"Adresse : 6823 St Charles Ave, New Orleans, LA 70118, Vereinigte Staaten",Found
137,Kenyon College,"Adresse : 106 College Park Dr, Gambier, OH 43022, Vereinigte Staaten",Found
138,University of Notre Dame,"Adresse : Holy Cross Dr, Notre Dame, IN 46556, Vereinigte Staaten",Found
139,University of California-Santa Cruz,"Adresse : 1156 High St, Santa Cruz, CA 95064, Vereinigte Staaten",Found
140,Vanderbilt University,"Adresse : 2201 West End Ave, Nashville, TN 37235, Vereinigte Staaten",Found
141,Montana State University,"Adresse : Culbertson Hall, 100, Bozeman, MT 59717, Vereinigte Staaten",Found
142,Kansas State University,"Adresse : Manhattan, KS 66506, Vereinigte Staaten",Found
143,University of Alabama Tuscaloosa,"Adresse : Tuscaloosa, AL 35487, Vereinigte Staaten",Found
144,University of Alabama at Birmingham,"Adresse : 1720 University Blvd, Birmingham, AL 35294, Vereinigte Staaten",Found
145,Indiana University,"Adresse : 107 S Indiana Ave, Bloomington, IN 47405, Vereinigte Staaten",Found
146,Northeastern Illinois University,"Adresse : 5500 N St Louis Ave, Chicago, IL 60625, Vereinigte Staaten",Found
147,Wellesley College,"Adresse : 106 Central St, Wellesley, MA 02481, Vereinigte Staaten",Found
148,University of Michigan Ann Arbor,"Adresse : 500 S State St, Ann Arbor, MI 48109, Vereinigte Staaten",Found
149,UC San Diego Scripps Institute of Oceanography,"Adresse : 8622 Kennel Way, La Jolla, CA 92037, Vereinigte Staaten",Found
150,University of California-San Diego Scripps Institute of Oceanography,"Adresse : 8622 Kennel Way, La Jolla, CA 92037, Vereinigte Staaten",Found
151,East Tennessee State University,"Adresse : 1276 Gilbreath Dr, Johnson City, TN 37614, Vereinigte Staaten",Found
152,Carnegie Institution of Washington,"Adresse : 5251 Broad Branch Rd NW, Washington, DC 20015, Vereinigte Staaten",Found
153,Columbia University,"Adresse : 116th and Broadway, New York, NY 10027, Vereinigte Staaten",Found
154,University of North Dakota Main Campus,"Adresse : Grand Forks, ND 58202, Vereinigte Staaten",Found
155,University of Texas at San Antonio,"Adresse : Physical Education Building, 1 UTSA Circle, San Antonio, TX 78249, Vereinigte Staaten",Found
156,University of Rhode Island,"Adresse : 45 Upper College Rd, Kingston, RI 02881, Vereinigte Staaten",Found
157,Carlow University,"Adresse : 3333 Fifth Ave, Pittsburgh, PA 15213, Vereinigte Staaten",Found
158,Alcorn State University,"Adresse : 1000 Asu Dr, Lorman, MS 39096, Vereinigte Staaten",Found
159,Bethune-Cookman University,"Adresse : 640 Dr Mary McLeod Bethune Blvd, Daytona Beach, FL 32114, Vereinigte Staaten",Found
160,University of West Alabama,"Adresse : 100 US-11, Livingston, AL 35470, Vereinigte Staaten",Found
161,University of Missouri-Columbia,"Adresse : Columbia, MO 65211, Vereinigte Staaten",Found
162,Pacific University,"Adresse : 2043 College Way, Forest Grove, OR 97116, Vereinigte Staaten",Found
163,Miami University,"Adresse : 501 E High St, Oxford, OH 45056, Vereinigte Staaten",Found
164,University of Nevada Las Vegas,"Adresse : 4505 S Maryland Pkwy, Las Vegas, NV 89154, Vereinigte Staaten",Found
165,University of Wisconsin-La Crosse,"Adresse : 1725 State St, La Crosse, WI 54601, Vereinigte Staaten",Found
166,Kent State University,"Adresse : 800 E Summit St, Kent, OH 44240, Vereinigte Staaten",Found
167,Predictive Science Incorporated,"Adresse : 9990 Mesa Rim Rd #170, San Diego, CA 92121, Vereinigte Staaten",Found
168,University of Oklahoma Norman Campus,"Adresse : 660 Parrington Oval, Norman, OK 73019, Vereinigte Staaten",Found
169,Central State University,"Adresse : 1400 Brush Row Rd, Wilberforce, OH 45384, Vereinigte Staaten",Found
170,University of Cincinnati Main Campus,"Adresse : 2600 Clifton Ave, Cincinnati, OH 45221, Vereinigte Staaten",Found
171,Smithsonian Tropical Research Institute,"Adresse : Roosevelt Ave, Panama Stadt, Panama",Found
172,Syracuse University,"Adresse : 900 S Crouse Ave, Syracuse, NY 13244, Vereinigte Staaten",Found
173,Mississippi State University,"Adresse : 75 B. S. Hood Rd, Mississippi State, MS 39762, Vereinigte Staaten",Found
174,University of Tennessee Knoxville,"Adresse : Knoxville, TN 37996, Vereinigte Staaten",Found
175,George Washington University,"Adresse : 2121 I St NW, Washington, DC 20052, Vereinigte Staaten",Found
176,Stony Brook University,"Adresse : 100 Nicolls Rd, Stony Brook, NY 11794, Vereinigte Staaten",Found
177,Saint Augustine's College,"Adresse : 18-22 Alfred Rd, Brookvale NSW 2100, Australien",Found
178,Northern Arizona University,"Adresse : S San Francisco St, Flagstaff, AZ 86011, Vereinigte Staaten",Found
179,Southern Methodist University,"Adresse : Dallas, TX 75205, Vereinigte Staaten",Found
180,California State University-Fresno Foundation,"Adresse : 4910 N Chestnut Ave, Fresno, CA 93726, Vereinigte Staaten",Found
181,SPACE SCIENCE INSTITUTE,"Adresse : 4750 Walnut St, Boulder, CO 80301, Vereinigte Staaten",Found
182,Carnegie Institute,"Adresse : 1530 P St NW, Washington, DC 20005, Vereinigte Staaten",Found
183,The University of Texas Rio Grande Valley,"Adresse : 1201 W University Dr, Edinburg, TX 78539, Vereinigte Staaten",Found
184,Boise State University,"Adresse : 1910 W University Dr, Boise, ID 83725, Vereinigte Staaten",Found
185,Stevens Institute of Technology,"Adresse : 1 Castle Point Terrace, Hoboken, NJ 07030, Vereinigte Staaten",Found
186,CUNY College of Staten Island,"Adresse : 2800 Victory Blvd, Staten Island, NY 10314, Vereinigte Staaten",Found
187,Embry-Riddle Aeronautical University,"Adresse : 1 Aerospace Blvd, Daytona Beach, FL 32114, Vereinigte Staaten",Found
188,Northeastern University,"Adresse : 360 Huntington Ave, Boston, MA 02115, Vereinigte Staaten",Found
189,Texas A&M Engineering Experiment Station,"Adresse : 1470 William D. Fitch Pkwy, College Station, TX 77845, Vereinigte Staaten",Found
190,University of Hawaii,"Adresse : 2500 Campus Rd, Honolulu, HI 96822, Vereinigte Staaten",Found
191,Lincoln University,"Adresse : Brayford Pool, Lincoln LN6 7TS, Vereinigtes Königreich",Found
192,Elizabeth City State University,"Adresse : 1704 Weeksville Rd, Elizabeth City, NC 27909, Vereinigte Staaten",Found
193,Clark Atlanta University,"Adresse : 223 James P Brawley Dr SW, Atlanta, GA 30314, Vereinigte Staaten",Found
194,University of Nebraska Medical Center,"Adresse : S 42nd &, Emile St, Omaha, NE 68198, Vereinigte Staaten",Found
195,Woods Hole Research Center,"Adresse : 149 Woods Hole Rd, Falmouth, MA 02540, Vereinigte Staaten",Found
196,California State University San Bernardino,"Adresse : 5500 University Pkwy, San Bernardino, CA 92407, Vereinigte Staaten",Found
197,Bentley University,"Adresse : 175 Forest St, Waltham, MA 02452, Vereinigte Staaten",Found
198,Rose-Hulman Institute of Technology,"Adresse : 5500 Wabash Ave, Terre Haute, IN 47803, Vereinigte Staaten",Found
199,Southern University,"Adresse : 801 Harding Blvd, Baton Rouge, LA 70807, Vereinigte Staaten",Found
200,San Diego State University Foundation,"Adresse : 5250 Campanile Dr, San Diego, CA 92182, Vereinigte Staaten",Found
201,New Jersey Institute of Technology,"Adresse : 323 Dr Martin Luther King Jr Blvd, Newark, NJ 07102, Vereinigte Staaten",Found
202,Rochester Institute of Tech,"Adresse : 1 Lomb Memorial Dr, Rochester, NY 14623, Vereinigte Staaten",Found
203,Clemson University,"Adresse : 105 Sikes Hall, Clemson, SC 29634, Vereinigte Staaten",Found
204,University of Richmond,"Adresse : 410 Westhampton Way, Richmond, VA 23173, Vereinigte Staaten",Found
205,Cornell University,"Adresse : Ithaca, NY 14850, Vereinigte Staaten",Found
206,University of Maryland Baltimore County,"Adresse : 1000 Hilltop Cir, Baltimore, MD 21250, Vereinigte Staaten",Found
207,Saint Bonaventure University,"Adresse : 3261 W State St, St Bonaventure, NY 14778, Vereinigte Staaten",Found
208,University at Albany,"Adresse : 1400 Washington Ave, Albany, NY 12222, Vereinigte Staaten",Found
209,Appalachian State University,"Adresse : John E. Thomas Hall, 287 Rivers St, Boone, NC 28608, Vereinigte Staaten",Found
210,College of Charleston,"Adresse : 66 George St, Charleston, SC 29424, Vereinigte Staaten",Found
211,University of Washington - Seattle,"Adresse : 1410 NE Campus Pkwy, Seattle, WA 98195, Vereinigte Staaten",Found
212,Mercer University,"Adresse : 1501 Mercer University Dr, Macon, GA 31207, Vereinigte Staaten",Found
213,Southern Illinois University at Edwardsville,"Adresse : 1 Hairpin Dr, Edwardsville, IL 62026, Vereinigte Staaten",Found
214,Middle Tennessee State University,"Adresse : 1301 E Main St, Murfreesboro, TN 37132, Vereinigte Staaten",Found
215,Rutgers University Camden,"Adresse : 303 Cooper St, Camden, NJ 08102, Vereinigte Staaten",Found
216,Colorado State University,"Adresse : Fort Collins, CO 80523, Vereinigte Staaten",Found
217,University of Alaska Southeast Juneau Campus,"Adresse : 11066 Auke Lake Way, Juneau, AK 99801, Vereinigte Staaten",Found
218,Eastern Michigan University,"Adresse : 900 Oakwood St, Ypsilanti, MI 48197, Vereinigte Staaten",Found
219,Academy of Natural Sciences Philadelphia,"Adresse : 1900 Benjamin Franklin Pkwy, Philadelphia, PA 19103, Vereinigte Staaten",Found
220,Inter American University of Puerto Rico,"Adresse : 500 Highway 1, San Juan, 00927, Puerto Rico",Found
221,Arctic Research Consortium of the U.S.,"Adresse : 3535 College Rd, Fairbanks, AK 99709, Vereinigte Staaten",Found
222,University of North Alabama,"Adresse : 1 Harrison Plaza, Florence, AL 35632, Vereinigte Staaten",Found
223,CUNY New York City College of Technology,"Adresse : 300 Jay St, Brooklyn, NY 11201, Vereinigte Staaten",Found
224,San Diego State University,"Adresse : 5500 Campanile Dr, San Diego, CA 92182, Vereinigte Staaten",Found
225,Ithaca College,"Adresse : 953 Danby Rd, Ithaca, NY 14850, Vereinigte Staaten",Found
226,Baylor University,"Adresse : 1311 S 5th St, Waco, TX 76706, Vereinigte Staaten",Found
227,"California State University, Fresno","Adresse : 5241 N Maple Ave, Fresno, CA 93740, Vereinigte Staaten",Found
228,Portland State University,"Adresse : 1825 SW Broadway, Portland, OR 97201, Vereinigte Staaten",Found
229,University of Maryland Center for Environmental Sciences,"Adresse : 2020 Horns Point Rd, Cambridge, MD 21613, Vereinigte Staaten",Found
230,University of The Virgin Islands,"Adresse : St Thomas, Charlotte Amalie West, St Thomas 00802, Amerikanische Jungferninseln",Found
231,Bryn Mawr College,"Adresse : 101 N Merion Ave, Bryn Mawr, PA 19010, Vereinigte Staaten",Found
232,University of Texas at Dallas,"Adresse : 800 W Campbell Rd, Richardson, TX 75080, Vereinigte Staaten",Found
233,"California State University, Chico","Adresse : 400 W 1st St, Chico, CA 95929, Vereinigte Staaten",Found
234,"California State University, Chico Research Fdtn","Adresse : 25 Main St, Chico, CA 95928, Vereinigte Staaten",Found
235,Auburn University,"Adresse : Auburn, AL 36849, Vereinigte Staaten",Found
236,American Indian Science and Engineering Society (AISES),"Adresse : 4263 Montgomery Blvd NE, Albuquerque, NM 87109, Vereinigte Staaten",Found
237,Murray State University,"Adresse : 1375 Chestnut St, Murray, KY 42071, Vereinigte Staaten",Found
238,University of Alaska Fairbanks Campus,"Adresse : 505 S Chandalar, Fairbanks, AK 99775, Vereinigte Staaten",Found
239,The National GEM Consortium,"Adresse : 1430 Duke St, Alexandria, VA 22314, Vereinigte Staaten",Found
240,University of Southern California,"Adresse : Los Angeles, CA 90007, Vereinigte Staaten",Found
241,Univerity of Southern California,"Adresse : Los Angeles, CA 90007, Vereinigte Staaten",Found
242,University of California at Riverside,"Adresse : 900 University Ave, Riverside, CA 92521, Vereinigte Staaten",Found
243,"University of California, Los Angeles","Adresse : Los Angeles, CA 90095, Vereinigte Staaten",Found
244,Virginia Polytechnic Institute,"Adresse : Blacksburg, VA 24061, Vereinigte Staaten",Found
245,Gordon Research Conferences,"Adresse : 55 Westwinds Rd, South Kingstown, RI 02879, Vereinigte Staaten",Found
246,The New School,"Adresse : 66 W 12th St, New York, NY 10011, Vereinigte Staaten",Found
247,Prairie View A & M University,"Adresse : 100 University Dr, Prairie View, TX 77446, Vereinigte Staaten",Found
248,Oakland University,"Adresse : 201 Meadow Brook Rd, Rochester, MI 48309, Vereinigte Staaten",Found
249,Ohio University,"Adresse : Athens, OH 45701, Vereinigte Staaten",Found
250,Midwestern University,"Adresse : 19555 N 59th Ave, Glendale, AZ 85308, Vereinigte Staaten",Found
251,East Carolina University,"Adresse : E 5th St, Greenville, NC 27858, Vereinigte Staaten",Found
252,Indiana University of Pennsylvania,"Adresse : 1011 South Drive, Indiana, PA 15705, Vereinigte Staaten",Found
253,Bigelow Laboratory for Ocean Sciences,"Adresse : 60 East Pond Rd, East Boothbay, ME 04544, Vereinigte Staaten",Found
254,Inter-American Institute for Global Change Research,"Adresse : Av. Italia 6201, Montevideo, Uruguay",Found
255,West Chester University of Pennsylvania,"Adresse : 700 S High St, West Chester, PA 19383, Vereinigte Staaten",Found
256,Denison University,"Adresse : 100 W College St, Granville, OH 43023, Vereinigte Staaten",Found
257,Georgia College,"Adresse : 231 W Hancock St, Milledgeville, GA 31061, Vereinigte Staaten",Found
258,Youngstown State University,"Adresse : 1 Tressel Way, Youngstown, OH 44555, Vereinigte Staaten",Found
259,Chapman University,"Adresse : 1 University Dr, Orange, CA 92866, Vereinigte Staaten",Found
260,Argonne National Lab,"Adresse : 9700 S Cass Ave, Lemont, IL 60439, Vereinigte Staaten",Found
261,University of North Carolina at Chapel Hill,"Adresse : Chapel Hill, NC, Vereinigte Staaten",Found
262,University of Oregon,"Adresse : 1585 E 13th Ave, Eugene, OR 97403, Vereinigte Staaten",Found
263,Colgate University,"Adresse : 13 Oak Dr E Ext, Hamilton, NY 13346, Vereinigte Staaten",Found
264,Middlebury College,"Adresse : 14 Old Chapel Rd, Middlebury, VT 05753, Vereinigte Staaten",Found
265,Rowan University,"Adresse : 201 Mullica Hill Rd, Glassboro, NJ 08028, Vereinigte Staaten",Found
266,"Accelerate Wind, Inc","Adresse : 4240 Duncan Ave, St. Louis, MO 63110, Vereinigte Staaten",Found
267,University of  Puget Sound,"Adresse : 1500 N Warner St, Tacoma, WA 98416, Vereinigte Staaten",Found
268,Missouri University of Science and Technology,"Adresse : Parker Hall, 106, 300 W 13th St, Rolla, MO 65409, Vereinigte Staaten",Found
269,San Francisco State University,"Adresse : 1600 Holloway Ave, San Francisco, CA 94132, Vereinigte Staaten",Found
270,University of Montana,"Adresse : 32 Campus Dr, Missoula, MT 59812, Vereinigte Staaten",Found
271,Smithsonian Institution (STRI),"Adresse : Roosevelt Ave, Panama Stadt, Panama",Found
272,"ALVA HEALTH, INC.","Adresse : 1 Broadway, Cambridge, MA 02142, Vereinigte Staaten",Found
273,Wake Forest University,"Adresse : 1834 Wake Forest Rd, Winston-Salem, NC 27109, Vereinigte Staaten",Found
274,College of Wooster,"Adresse : 1189 Beall Ave, Wooster, OH 44691, Vereinigte Staaten",Found
275,University of North Carolina at Wilmington,"Adresse : 601 College Rd, Wilmington, NC 28403, Vereinigte Staaten",Found
276,Hobart and William Smith Colleges,"Adresse : 300 Pulteney St, Geneva, NY 14456, Vereinigte Staaten",Found
277,University of California-Los Angeles,"Adresse : Los Angeles, CA 90095, Vereinigte Staaten",Found
278,University of Alabama in Huntsville,"Adresse : Shelby Center for Science and Technology, 301 Sparkman Dr NW, Huntsville, AL 35899, Vereinigte Staaten",Found
279,University of South Carolina,"Adresse : 1501 Pendleton St, Columbia, SC 29208, Vereinigte Staaten",Found
280,SUNY College,"Adresse : 353 Broadway, Albany, NY 12246, Vereinigte Staaten",Found
281,Princeton University,"Adresse : Princeton, NJ 08544, Vereinigte Staaten",Found
282,CUNY John Jay College of Criminal Justice,"Adresse : 524 W 59th St, New York, NY 10019, Vereinigte Staaten",Found
283,Tuskegee University,"Adresse : 1200 W Montgomery Rd, Tuskegee, AL 36088, Vereinigte Staaten",Found
284,Western Michigan University,"Adresse : 1903 W Michigan Ave, Kalamazoo, MI 49008, Vereinigte Staaten",Found
285,Wayne State University,"Adresse : 42 W Warren Ave, Detroit, MI 48202, Vereinigte Staaten",Found
286,University Of Florida,"Adresse : Gainesville, FL 32611, Vereinigte Staaten",Found
287,University of Iowa,"Adresse : Iowa City, IA 52242, Vereinigte Staaten",Found
288,University of Wisconsin - Madison,"Adresse : 500 Lincoln Dr, Madison, WI 53706, Vereinigte Staaten",Found
289,UC Riverside,"Adresse : 900 University Ave, Riverside, CA 92521, Vereinigte Staaten",Found
290,University of North Carolina Greensboro,"Adresse : 1400 Spring Garden St, Greensboro, NC 27412, Vereinigte Staaten",Found
291,Texas A&M University Corpus Christi,"Adresse : 6300 Ocean Dr, Corpus Christi, TX 78412, Vereinigte Staaten",Found
292,Earth Research Institute,"Adresse : University of California, Santa Barbara, CA 93106, Vereinigte Staaten",Found
293,Worcester Polytechnic Institute,"Adresse : 100 Institute Rd, Worcester, MA 01609, Vereinigte Staaten",Found
294,Binghamton University,"Adresse : 4400 Vestal Pkwy E, Binghamton, NY 13902, Vereinigte Staaten",Found
295,University of Texas at Arlington,"Adresse : 701 S Nedderman Dr, Arlington, TX 76019, Vereinigte Staaten",Found
296,Brigham Young University,"Adresse : Provo, UT 84602, Vereinigte Staaten",Found
297,Florida Atlantic University,"Adresse : 777 Glades Rd, Boca Raton, FL 33431, Vereinigte Staaten",Found
298,Boston College,"Adresse : 140 Commonwealth Ave, Chestnut Hill, MA 02467, Vereinigte Staaten",Found
299,The Salk Institute for Biological Studies,"Adresse : 10010 N Torrey Pines Rd, La Jolla, CA 92037, Vereinigte Staaten",Found
300,North Dakota State University Fargo,"Adresse : 1340 Administration Ave, Fargo, ND 58105, Vereinigte Staaten",Found
301,Occidental College,"Adresse : 1600 Campus Rd, Los Angeles, CA 90041, Vereinigte Staaten",Found
302,CUNY City University of New York,"Adresse : 205 E 42nd St, New York, NY 10017, Vereinigte Staaten",Found
303,Northern Illinois University,"Adresse : Barsema Alumni and Visitors Center, 231 N Annie Glidden Rd, DeKalb, IL 60115, Vereinigte Staaten",Found
304,Smithsonian Institution,"Adresse : 600 Maryland Ave SW, Washington, DC 20002, Vereinigte Staaten",Found
305,Smithsonian Institution Astrophysical Observatory,"Adresse : 60 Garden St, Cambridge, MA 02138, Vereinigte Staaten",Found
306,Westat Inc,"Adresse : 1600 Tower Oaks Blvd, Rockville, MD 20852, Vereinigte Staaten",Found
307,UCSD -  Scripps Inst of Oceanography,"Adresse : 8622 Kennel Way, La Jolla, CA 92037, Vereinigte Staaten",Found
308,UCSD Scripps Institute of Oceanography,"Adresse : 8622 Kennel Way, La Jolla, CA 92037, Vereinigte Staaten",Found
309,Grinnell College,"Adresse : 1115 8th Ave, Grinnell, IA 50112, Vereinigte Staaten",Found
310,University of Wisconsin-River Falls,"Adresse : 410 S 3rd St, River Falls, WI 54022, Vereinigte Staaten",Found
311,Morehead State University,"Adresse : 150 University Blvd, Morehead, KY 40351, Vereinigte Staaten",Found
312,Saint John's University,"Adresse : 8000 Utopia Pkwy, Queens, NY 11439, Vereinigte Staaten",Found
313,CUNY Hunter College,"Adresse : 695 Park Ave, New York, NY 10065, Vereinigte Staaten",Found
314,Texas A&M University,"Adresse : 400 Bizzell St, College Station, TX 77843, Vereinigte Staaten",Found
315,Marquette University,"Adresse : 1250 W Wisconsin Ave, Milwaukee, WI 53233, Vereinigte Staaten",Found
316,University of Arkansas,"Adresse : Fayetteville, AR 72701, Vereinigte Staaten",Found
317,Montclair State University,"Adresse : 1 Normal Ave, Montclair, NJ 07043, Vereinigte Staaten",Found
318,Baylor College of Medicine,"Adresse : 1 Baylor Plz, Houston, TX 77030, Vereinigte Staaten",Found
319,Louisiana Tech University,"Adresse : 201 Mayfield Ave, Ruston, LA 71272, Vereinigte Staaten",Found
320,UNIVERSITY OF PENNSYLVANIA,"Adresse : Philadelphia, PA 19104, Vereinigte Staaten",Found
321,Aaniiih Nakoda College,"Adresse : 269 Blackfeet St Agency, Harlem, MT 59526, Vereinigte Staaten",Found
322,Pomona College,"Adresse : 333 N College Way, Claremont, CA 91711, Vereinigte Staaten",Found
323,California Polytechnic State University Foundation,"Adresse : 1 University Dr, San Luis Obispo, CA 93407, Vereinigte Staaten",Found
324,UCSD- Scripps Inst of Oceanography,"Adresse : 8622 Kennel Way, La Jolla, CA 92037, Vereinigte Staaten",Found
325,eSens LLC,"Adresse : 211 Warren St, Newark, NJ 07103, Vereinigte Staaten",Found
326,University of Delaware,"Adresse : 210 S College Ave, Newark, DE 19716, Vereinigte Staaten",Found
327,University of Virginia Main Campus,"Adresse : Charlottesville, VA, Vereinigte Staaten",Found
328,Florida Agricultural and Mechanical University,"Adresse : 1601 S Martin Luther King Jr Blvd, Tallahassee, FL 32307, Vereinigte Staaten",Found
329,Louisiana State University,"Adresse : Pleasant Hall, 1146, Baton Rouge, LA 70802, Vereinigte Staaten",Found
330,Contra Costa Community College District,"Adresse : 500 N Court St, Martinez, CA 94553, Vereinigte Staaten",Found
331,Kennesaw State University,"Adresse : 1000 Chastain Rd NW, Kennesaw, GA 30144, Vereinigte Staaten",Found
332,Alabama A&M University,"Adresse : 4900 Meridian St N, Huntsville, AL 35810, Vereinigte Staaten",Found
333,Texas College,"Adresse : 2404 N Grand Ave, Tyler, TX 75702, Vereinigte Staaten",Found
334,Morgan State University,"Adresse : 1700 E Cold Spring Ln, Baltimore, MD 21251, Vereinigte Staaten",Found
335,Howard University,"Adresse : 2400 6th St NW, Washington, DC 20059, Vereinigte Staaten",Found
336,Nurture Nature Center,"Adresse : 518 Northampton St, Easton, PA 18042, Vereinigte Staaten",Found
337,Whitehead Institute for Biomedical Research,"Adresse : 455 Main St, Cambridge, MA 02142, Vereinigte Staaten",Found
338,Educational Testing Service,"Adresse : Ebendorferstraße 6/3/11, 1010 Wien",Found
339,Arcadia University,"Adresse : 450 S Easton Rd, Glenside, PA 19038, Vereinigte Staaten",Found
340,San Diego Society of Natural History,"Adresse : 1788 El Prado, San Diego, CA 92101, Vereinigte Staaten",Found
341,University of Virginia,"Adresse : Charlottesville, VA, Vereinigte Staaten",Found
342,Berkeley Geochronology Center,"Adresse : Shires Hall, 2455 Ridge Rd, Berkeley, CA 94709, Vereinigte Staaten",Found
343,Cornell College,"Adresse : 600 1st St W, Mt Vernon, IA 52314, Vereinigte Staaten",Found
344,University of Minnesota Duluth,"Adresse : 1049 University Dr, Duluth, MN 55812, Vereinigte Staaten",Found
345,University of Wisconsin-Milwaukee,"Adresse : 3203 N Downer Ave, Milwaukee, WI 53211, Vereinigte Staaten",Found
346,Colby College,"Adresse : 4000 Mayflower Hill Dr, Waterville, ME 04901, Vereinigte Staaten",Found
347,University of Arkansas at Pine Bluff,"Adresse : 1200 University Dr, Pine Bluff, AR 71601, Vereinigte Staaten",Found
348,Georgetown University,"Adresse : 3700 O St NW, Washington, DC 20057, Vereinigte Staaten",Found
349,Livingstone College,"Adresse : 701 W Monroe St, Salisbury, NC 28144, Vereinigte Staaten",Found
350,"University of Maryland, College Park","Adresse : 7901 Regents Dr, College Park, MD 20742, Vereinigte Staaten",Found
351,Illinois Institute of Technology,"Adresse : 10 W 35th St, Chicago, IL 60616, Vereinigte Staaten",Found
352,University of Wisconsin-Eau Claire,"Adresse : 105 Garfield Ave, Eau Claire, WI 54701, Vereinigte Staaten",Found
353,Oakwood College,"Adresse : 7000 Adventist Blvd NW, Huntsville, AL 35896, Vereinigte Staaten",Found
354,California Lutheran University,"Adresse : 60 W Olsen Rd, Thousand Oaks, CA 91360, Vereinigte Staaten",Found
355,University of La Verne,"Adresse : 1950 3rd St, La Verne, CA 91750, Vereinigte Staaten",Found
356,NASA GSFC,"Adresse : 8800 Greenbelt Rd, Greenbelt, MD 20771, Vereinigte Staaten",Found
357,West Virginia University,"Adresse : Morgantown, WV 26506, Vereinigte Staaten",Found
358,Wesleyan University,"Adresse : 45 Wyllys Ave, Middletown, CT 06459, Vereinigte Staaten",Found
359,Rollins College,"Adresse : 1000 Holt Ave, Winter Park, FL 32789, Vereinigte Staaten",Found
360,Reed College,"Adresse : 3203 SE Woodstock Blvd, Portland, OR 97202, Vereinigte Staaten",Found
361,University of Oklahoma,"Adresse : 660 Parrington Oval, Norman, OK 73019, Vereinigte Staaten",Found
362,Bucknell University,"Adresse : One Dent Dr, Lewisburg, PA 17837, Vereinigte Staaten",Found
363,Valencia College,"Adresse : 1800 S Kirkman Rd, Orlando, FL 32811, Vereinigte Staaten",Found
364,University of San Diego,"Adresse : 5998 Alcala Park Way, San Diego, CA 92110, Vereinigte Staaten",Found
365,Haverford College,"Adresse : 370 Lancaster Ave, Haverford, PA 19041, Vereinigte Staaten",Found
366,Education Connection,"Adresse : 355 Goshen Rd, Litchfield, CT 06759, Vereinigte Staaten",Found
367,South Dakota State University,"Adresse : 1015 Campanile Ave, Brookings, SD 57007, Vereinigte Staaten",Found
368,San Jose State University Foundation,"Adresse : 210 N 4th St, San Jose, CA 95112, Vereinigte Staaten",Found
369,University of Missouri-Saint Louis,"Adresse : 1 University Blvd, St. Louis, MO 63121, Vereinigte Staaten",Found
370,University of Colorado at Colorado Springs,"Adresse : 1420 Austin Bluffs Pkwy, Colorado Springs, CO 80918, Vereinigte Staaten",Found
371,American University,"Adresse : 4400 Massachusetts Ave NW, Washington, DC 20016, Vereinigte Staaten",Found
372,WNET,"Adresse : 825 Eighth Avenue, New York, NY 10019, Vereinigte Staaten",Found
373,University of San Francisco,"Adresse : 2130 Fulton St, San Francisco, CA 94117, Vereinigte Staaten",Found
374,University of Massachusetts Lowell,"Adresse : 220 Pawtucket St, Lowell, MA 01854, Vereinigte Staaten",Found
375,University of Kentucky Research Foundation,"Adresse : 201 Kinkead Hall, Lexington, KY 40508, Vereinigte Staaten",Found
376,New York Institute of Technology,"Adresse : 1855 Broadway, New York, NY 10023, Vereinigte Staaten",Found
377,northern arizona university,"Adresse : S San Francisco St, Flagstaff, AZ 86011, Vereinigte Staaten",Found
378,California State University Los Angeles,"Adresse : 5151 State University Dr, Los Angeles, CA 90032, Vereinigte Staaten",Found
379,Association of American Colleges and Universities,"Adresse : 1818 R St NW, Washington, DC 20009, Vereinigte Staaten",Found
380,University of Puerto Rico Rio Piedras Campus,"Adresse : 6, 2526, 601 Av. Universidad, San Juan, 00925, Puerto Rico",Found
381,Coastal Carolina University,"Adresse : 100 Chanticleer Dr E, Conway, SC 29528, Vereinigte Staaten",Found
382,CUNY Borough of Manhattan Community College,"Adresse : 199 Chambers St, New York, NY 10007, Vereinigte Staaten",Found
383,Alverno College,"Adresse : 3400 S 43rd St, Milwaukee, WI 53234, Vereinigte Staaten",Found
384,Riverside Community College District/Riverside City College,"Adresse : 4800 Magnolia Ave, Riverside, CA 92506, Vereinigte Staaten",Found
385,"NorthWest Research Associates, Incorporated","Adresse : 3511 28th St, Boulder, CO 80301, Vereinigte Staaten",Found
386,University of Maryland at Baltimore,"Adresse : 620 W Lexington St, Baltimore, MD 21201, Vereinigte Staaten",Found
387,The University of Texas Health Science Center at Houston,"Adresse : 7000 Fannin St, Houston, TX 77030, Vereinigte Staaten",Found
388,Texas A&M AgriLife Research,"Adresse : 600 John Kimbrough Blvd, College Station, TX 77843, Vereinigte Staaten",Found
389,"University of California, Santa Barbara","Adresse : Santa Barbara, CA 93106, Vereinigte Staaten",Found
390,Colorado Mesa University,"Adresse : 1100 North Ave, Grand Junction, CO 81501, Vereinigte Staaten",Found
391,University of Georgia Research Foundation Inc,"Adresse : 110 Riverbend Rd, Athens, GA 30602, Vereinigte Staaten",Found
392,University of Wisconsin-Whitewater,"Adresse : 800 W Main St, Whitewater, WI 53190, Vereinigte Staaten",Found
393,Skidmore College,"Adresse : 815 N Broadway, Saratoga Springs, NY 12866, Vereinigte Staaten",Found
394,University of Kansas,"Adresse : 1450 Jayhawk Blvd, Lawrence, KS 66045, Vereinigte Staaten",Found
395,Union County College,"Adresse : 1033 Springfield Ave, Cranford, NJ 07016, Vereinigte Staaten",Found
396,"INSTITUTE FOR FUTURE INTELLIGENCE, INC.","Adresse : 34 Main St, Natick, MA 01760, Vereinigte Staaten",Found
397,Tennessee Technological University,"Adresse : 1 William L Jones Dr, Cookeville, TN 38505, Vereinigte Staaten",Found
398,University of Toledo,"Adresse : 2801 Bancroft St, Toledo, OH 43606, Vereinigte Staaten",Found
399,Lafayette College,"Adresse : 730 High St, Easton, PA 18042, Vereinigte Staaten",Found
400,Tufts University,"Adresse : 419 Boston Ave, Medford, MA 02155, Vereinigte Staaten",Found
401,HELMHOLTZ-ZENTRUM POTSDAM,"Adresse : Telegrafenberg, 14473 Potsdam, Deutschland",Found
402,"Center for Disease Dynamics, Economics & Policy","Adresse : 962 Wayne Ave, Suite 530, Silver Spring, MD 20910, Vereinigte Staaten",Found
403,"University of Virginia, On Grounds","Adresse : 1827 University Ave, Charlottesville, VA 22903, Vereinigte Staaten",Found
404,UCSD - Scripps Inst of Oceanography,"Adresse : 8622 Kennel Way, La Jolla, CA 92037, Vereinigte Staaten",Found
405,UCSD Scripps Inst of Oceanography,"Adresse : 8622 Kennel Way, La Jolla, CA 92037, Vereinigte Staaten",Found
406,American Institute of Mathematics,"Adresse : Caltech Hall, 8th Floor, 1200 E California Blvd, Pasadena, CA 91125, Vereinigte Staaten",Found
407,Whitman College,"Adresse : 345 Boyer Ave, Walla Walla, WA 99362, Vereinigte Staaten",Found
408,University of Kentucky,"Adresse : Lexington, KY 40506, Vereinigte Staaten",Found
409,Northwestern University,"Adresse : 633 Clark St, Evanston, IL 60208, Vereinigte Staaten",Found
410,Connecticut College,"Adresse : 270 Mohegan Ave Pkwy, New London, CT 06320, Vereinigte Staaten",Found
411,Claremont McKenna College,"Adresse : 888 N Columbia Ave, Claremont, CA 91711, Vereinigte Staaten",Found
412,University of Louisville Research Foundation Inc,"Adresse : 300 E Market St #300, Louisville, KY 40202, Vereinigte Staaten",Found
413,CUNY Queens College,"Adresse : 65-30 Kissena Blvd, Flushing, NY 11367, Vereinigte Staaten",Found
414,Oklahoma State University,"Adresse : Stillwater, OK, Vereinigte Staaten",Found
415,University of Guam,"Adresse : CRJ3+V8P, University Dr, University of Guam, 96923, Guam",Found
416,Denver Museum of Nature and Science,"Adresse : 2001 Colorado Blvd, Denver, CO 80205, Vereinigte Staaten",Found
417,University of Tennessee Institute of Agriculture,"Adresse : 2621 Morgan Cir Dr, Knoxville, TN 37998, Vereinigte Staaten",Found
418,"California State University, Sacramento","Adresse : 6000 Jed Smith Dr, Sacramento, CA 95819, Vereinigte Staaten",Found
419,Lehman College,"Adresse : 250 Bedford Park Blvd W, Bronx, NY 10468, Vereinigte Staaten",Found
420,University of Louisiana at Lafayette,"Adresse : 104 E University Ave, Lafayette, LA 70504, Vereinigte Staaten",Found
421,Cleveland State University,"Adresse : 2121 Euclid Ave, Cleveland, OH 44115, Vereinigte Staaten",Found
422,Pueblo Community College,"Adresse : 900 W Orman Ave, Pueblo, CO 81004, Vereinigte Staaten",Found
423,Texas Woman's University,"Adresse : 304 Administration Dr, Denton, TX 76204, Vereinigte Staaten",Found
424,East Central University,"Adresse : 1100 E 14th St, Ada, OK 74820, Vereinigte Staaten",Found
425,Rowan College of South Jersey,"Adresse : 1400 Tanyard Rd, Sewell, NJ 08080, Vereinigte Staaten",Found
426,Loyola University of Chicago,"Adresse : 1032 W Sheridan Rd, Chicago, IL 60660, Vereinigte Staaten",Found
427,Washington University in St. Louis,"Adresse : 1 Brookings Dr, St. Louis, MO 63130, Vereinigte Staaten",Found
428,Miami University Oxford Campus,"Adresse : 501 E High St, Oxford, OH 45056, Vereinigte Staaten",Found
429,Quinsigamond Community College,"Adresse : 670 W Boylston St, Worcester, MA 01606, Vereinigte Staaten",Found
430,The Pennsylvania State University,"Adresse : 201 Old Main, University Park, PA 16802, Vereinigte Staaten",Found
431,University of the District of Columbia,"Adresse : 4200 Connecticut Ave NW, Washington, DC 20008, Vereinigte Staaten",Found
432,Morehouse College,"Adresse : 830 Westview Dr SW, Atlanta, GA 30314, Vereinigte Staaten",Found
433,Tufts Univseristy,"Adresse : 419 Boston Ave, Medford, MA 02155, Vereinigte Staaten",Found
434,Mathematical Sciences Research Institute,"Adresse : 17 Gauss Way, Berkeley, CA 94720, Vereinigte Staaten",Found
435,Santa Barbara Museum of Natural History,"Adresse : 2559 Puesta Del Sol, Santa Barbara, CA 93105, Vereinigte Staaten",Found
436,University of Miami/RSMAS,"Adresse : 4600 Rickenbacker Causeway, Miami, FL 33149, Vereinigte Staaten",Found
437,The University of Alabama,"Adresse : Tuscaloosa, AL 35487, Vereinigte Staaten",Found
438,Rutgers University Newark,"Adresse : 195 University Ave, Newark, NJ 07102, Vereinigte Staaten",Found
439,Gustavus Adolphus College,"Adresse : 800 W College Ave, St Peter, MN 56082, Vereinigte Staaten",Found
440,Association of Children's Museums,"Adresse : 1575 Eye St NW, Suite 360, Washington, DC 20005, Vereinigte Staaten",Found
441,University of Puerto Rico,"Adresse : 2520 Ponce de León Ave, San Juan, 00927, Puerto Rico",Found
442,St. Philip's College,"Adresse : 1801 Martin Luther King Dr, San Antonio, TX 78203, Vereinigte Staaten",Found
443,Michigan Technological University,"Adresse : 1400 Townsend Dr, Houghton, MI 49931, Vereinigte Staaten",Found
444,NATIONAL INSTITUTE OF STANDARDS AND TECHNOLOGY,"Adresse : 100 Bureau Drive, Gaithersburg, MD 20899, Vereinigte Staaten",Found
445,University of North Carolina at Pembroke,"Adresse : 1 University Drive, Pembroke, NC 28372, Vereinigte Staaten",Found
446,Science Museum of Minnesota,"Adresse : 120 W Kellogg Blvd, St Paul, MN 55102, Vereinigte Staaten",Found
447,Virginia State University,"Adresse : 21101 Barnes St, VIRGINIA STATE UNIVERSITY, VA 23806, Vereinigte Staaten",Found
448,Research Foundation CUNY,"Adresse : 230 W 41st St #7, New York, NY 10036, Vereinigte Staaten",Found
449,College of William & Mary Virginia Institute of Marine Science,"Adresse : 1375 Greate Rd, Gloucester Point, VA 23062, Vereinigte Staaten",Found
450,Western New England University,"Adresse : 1215 Wilbraham Rd, Springfield, MA 01119, Vereinigte Staaten",Found
451,Rockefeller University,"Adresse : 1230 York Ave, New York, NY 10065, Vereinigte Staaten",Found
452,Colorado College,"Adresse : 14 E Cache La Poudre St, Colorado Springs, CO 80903, Vereinigte Staaten",Found
453,Central Washington University,"Adresse : 400 E University Way, Ellensburg, WA 98926, Vereinigte Staaten",Found
454,American Mathematical Association of Two-Year College,"Adresse : 5983 Macon Cove, Memphis, TN 38134, Vereinigte Staaten",Found
455,Gonzaga University,"Adresse : 502 E Boone Ave, Spokane, WA 99258, Vereinigte Staaten",Found
456,Rocky Mountain Biological Laboratory,"Adresse : 8000 Co Rd 317, Crested Butte, CO 81224, Vereinigte Staaten",Found
457,SUNY College of Environmental Science and Forestry,"Adresse : 1 Forestry Dr, Syracuse, NY 13210, Vereinigte Staaten",Found
458,The University of Montana-Western,"Adresse : 710 S Atlantic St, Dillon, MT 59725, Vereinigte Staaten",Found
459,Villanova University,"Adresse : 800 Lancaster Ave, Villanova, PA 19085, Vereinigte Staaten",Found
460,California Academy of Sciences,"Adresse : 55 Music Concourse Dr, San Francisco, CA 94118, Vereinigte Staaten",Found
461,Liberty University,"Adresse : 1971 University Blvd, Lynchburg, VA 24515, Vereinigte Staaten",Found
462,University of North Texas Health Science Center at Fort Worth,"Adresse : 3500 Camp Bowie Blvd, Fort Worth, TX 76107, Vereinigte Staaten",Found
463,Babson College,"Adresse : 231 Forest St, Babson Park, MA 02457, Vereinigte Staaten",Found
464,National Academy of Sciences,"Adresse : 2101 Constitution Ave NW, Washington, DC 20418, Vereinigte Staaten",Found
465,"The Trustees of Columbia University in the City of New York,","Adresse : Low Memorial Library, 535 W 116th St, New York, NY 10027, Vereinigte Staaten",Found
466,Fort Valley State University,"Adresse : 1005 State University Dr, Fort Valley, GA 31030, Vereinigte Staaten",Found
467,High Point University,"Adresse : 1 N University Pkwy, High Point, NC 27262, Vereinigte Staaten",Found
468,UC Gump Station,"Adresse : G55F+RF2, Moorea-Maiao, Französisch-Polynesien",Found
469,Brigham & Women's Hospital Inc,"Adresse : 75 Francis St, Boston, MA 02115, Vereinigte Staaten",Found
470,Cold Spring Harbor Laboratory,"Adresse : 1 Bungtown Rd, Cold Spring Harbor, NY 11724, Vereinigte Staaten",Found
471,Central Connecticut State University,"Adresse : 1615 Stanley St, New Britain, CT 06050, Vereinigte Staaten",Found
472,Eastern Kentucky University,"Adresse : 521 Lancaster Ave, Richmond, KY 40475, Vereinigte Staaten",Found
473,Chaminade University of Honolulu,"Adresse : 3140 Waialae Ave, Honolulu, HI 96816, Vereinigte Staaten",Found
474,Holyoke Community College,"Adresse : 303 Homestead Ave, Holyoke, MA 01040, Vereinigte Staaten",Found
475,University of Mississippi,"Adresse : University, MS 38677, Vereinigte Staaten",Found
476,"Associated Universities, Inc.","Adresse : 1400 16th St NW, Washington, DC 20036, Vereinigte Staaten",Found
477,Winthrop University,"Adresse : 701 Oakland Ave, Rock Hill, SC 29733, Vereinigte Staaten",Found
478,Georgia State University Research Foundation,"Adresse : 30 Courtland St SE, Atlanta, GA 30303, Vereinigte Staaten",Found
479,Mayo Clinic,"Adresse : 200 First St SW, Rochester, MN 55905, Vereinigte Staaten",Found
480,University of Tennessee Chattanooga,"Adresse : 615 McCallie Ave, Chattanooga, TN 37403, Vereinigte Staaten",Found
481,"UNAVCO, Inc.","Adresse : 6350 Nautilus Dr, Boulder, CO 80301, Vereinigte Staaten",Found
482,BSCS Science Learning,"Adresse : 5415 Mark Dabling Blvd, Colorado Springs, CO 80918, Vereinigte Staaten",Found
483,Denver Botanic Gardens,"Adresse : 1007 York St, Denver, CO 80206, Vereinigte Staaten",Found
484,Eastern New Mexico University Main Campus,"Adresse : 1500 S Ave K, Portales, NM 88130, Vereinigte Staaten",Found
485,Cooper Union,"Adresse : 30 Cooper Sq, New York, NY 10003, Vereinigte Staaten",Found
486,Texas A&M University-Kingsville,"Adresse : 700 University Blvd, Kingsville, TX 78363, Vereinigte Staaten",Found
487,Indian Hills Community College,"Adresse : 525 Grandview Ave #149, Ottumwa, IA 52501, Vereinigte Staaten",Found
488,Bismarck State College,"Adresse : 1500 Edwards Ave, Bismarck, ND 58506, Vereinigte Staaten",Found
489,Merced College,"Adresse : 3600 M St, Merced, CA 95348, Vereinigte Staaten",Found
490,Riverside Community College District/Moreno Valley Campus,"Adresse : 16130 Lasselle St, Moreno Valley, CA 92551, Vereinigte Staaten",Found
491,Saint Paul College-A community & Technical College,"Adresse : 235 Marshall Ave, St Paul, MN 55102, Vereinigte Staaten",Found
492,"DNALITE THERAPEUTICS, INC.","Adresse : 455 Mission Bay Blvd S, San Francisco, CA 94158, Vereinigte Staaten",Found
493,Saint Louis University,"Adresse : 1 N Grand Blvd, St. Louis, MO 63103, Vereinigte Staaten",Found
494,Montana Technological University,"Adresse : 1300 W Park St, Butte, MT 59701, Vereinigte Staaten",Found
495,ANTITHESIS LLC,"Adresse : 8110 Gatehouse Rd, Falls Church, VA 22042, Vereinigte Staaten",Found
496,Circle Optics LLC,"Adresse : 260 E Main St Suite 6408, Rochester, NY 14604, Vereinigte Staaten",Found
497,SAFEBVM Corporation.,"Adresse : 50 Milk St, Boston, MA 02109, Vereinigte Staaten",Found
498,University of Maryland Medical System,"Adresse : 110 S Paca St, Baltimore, MD 21201, Vereinigte Staaten",Found
499,University of Southern Maine,"Adresse : 96 Falmouth St, Portland, ME 04103, Vereinigte Staaten",Found
500,University of Missouri-Kansas City,"Adresse : 5000 Holmes St, Kansas City, MO 64110, Vereinigte Staaten",Found
501,University of Southern Indiana,"Adresse : 8600 University Blvd, Evansville, IN 47712, Vereinigte Staaten",Found
502,Avila University,"Adresse : 11901 Wornall Rd, Kansas City, MO 64145, Vereinigte Staaten",Found
503,Alma College,"Adresse : 614 W Superior St, Alma, MI 48801, Vereinigte Staaten",Found
504,University of Miami,"Adresse : 1320 S Dixie Hwy, Coral Gables, FL 33146, Vereinigte Staaten",Found
505,Delaware State University,"Adresse : 1200 N Dupont Hwy, Dover, DE 19901, Vereinigte Staaten",Found
506,Manhattan College,"Adresse : 4513 Manhattan College Pkwy, Bronx, NY 10471, Vereinigte Staaten",Found
507,North Carolina Central University,"Adresse : 1801 Fayetteville St, Durham, NC 27707, Vereinigte Staaten",Found
508,"Cal Poly Pomona Foundation, Inc.","Adresse : 3801 W Temple Ave Building 55, Pomona, CA 91768, Vereinigte Staaten",Found
509,University Enterprises Corporation,"Adresse : 5500 University Pkwy, San Bernardino, CA 92407, Vereinigte Staaten",Found
510,University of Arkansas Little Rock,"Adresse : 2801 S University Ave, Little Rock, AR 72204, Vereinigte Staaten",Found
511,Farallon Institute for Advanced Ecosystem Research,"Adresse : 101 H St, Petaluma, CA 94952, Vereinigte Staaten",Found
512,University of California - San Diego,"Adresse : 9500 Gilman Dr, La Jolla, CA 92093, Vereinigte Staaten",Found
513,Russian Historical State Archive,"Adresse : Zanevskiy Prospekt 36, Sankt Petersburg, 195196, Russland",Found
514,University of South Alabama,"Adresse : 307 N University Blvd, Mobile, AL 36688, Vereinigte Staaten",Found
515,Oregon,"Adresse : 1585 E 13th Ave, Eugene, OR 97403, Vereinigte Staaten",Found
516,Hawaii,"Adresse : 2500 Campus Rd, Honolulu, HI 96822, Vereinigte Staaten",Found
517,Menlo College,"Adresse : 1000 El Camino Real, Atherton, CA 94027, Vereinigte Staaten",Found
518,Boomplaas Cave,"Adresse : Cango Valley, Oudtshoorn, Südafrika",Found
519,Old Dominion University,"Adresse : 5115 Hampton Blvd, Norfolk, VA 23529, Vereinigte Staaten",Found
520,Eastern Washington University,"Adresse : 526 5th St, Cheney, WA 99004, Vereinigte Staaten",Found
521,University of Central Oklahoma,"Adresse : 100 N University Dr, Edmond, OK 73034, Vereinigte Staaten",Found
522,National-Louis University,"Adresse : 122 S Michigan Ave, Chicago, IL 60603, Vereinigte Staaten",Found
523,Shippensburg University of Pennsylvania,"Adresse : 1871 Old Main Dr, Shippensburg, PA 17257, Vereinigte Staaten",Found
524,"Georgia Southern University Research and Service Foundation, Inc","Adresse : 1332 Southern Dr, Statesboro, GA 30458, Vereinigte Staaten",Found
525,University of West Florida,"Adresse : 11000 University Pkwy, Pensacola, FL 32514, Vereinigte Staaten",Found
526,"HELIPONIX, LLC","Adresse : 250 N. Kentucky Ave, Evansville, IN 47711, Vereinigte Staaten",Found
527,Arkansas State University Main Campus,"Adresse : 2105 East Aggie Rd, Jonesboro, AR 72401, Vereinigte Staaten",Found
528,University of St. Thomas,"Adresse : 2115 Summit Ave, St Paul, MN 55105, Vereinigte Staaten",Found
529,Center for Open Science,"Adresse : 210 Ridge McIntire Rd, Charlottesville, VA 22903, Vereinigte Staaten",Found
530,"HEAT INVERSE, LLC","Adresse : 15 Royal Rd, Ithaca, NY 14850, Vereinigte Staaten",Found
531,Brandeis University,"Adresse : 415 South St, Waltham, MA 02453, Vereinigte Staaten",Found
532,University of Massachusetts Boston,"Adresse : 100 Morrissey Blvd, Boston, MA 02125, Vereinigte Staaten",Found
533,"NOVOCLADE, INC.","Adresse : 1000 Westgate Dr, St Paul, MN 55114, Vereinigte Staaten",Found
534,Alabama State University,"Adresse : 915 S Jackson St, Montgomery, AL 36104, Vereinigte Staaten",Found
535,Milwaukee Area Technical College,"Adresse : 700 W State St, Milwaukee, WI 53233, Vereinigte Staaten",Found
536,Ulster County Community College,"Adresse : 491 Cottekill Rd, Stone Ridge, NY 12484, Vereinigte Staaten",Found
537,University of British Columbia,"Adresse : 6200 University Blvd, Vancouver, BC V6T 1Z4, Kanada",Found
538,Bowie State University,"Adresse : 14000 Jericho Park Rd, Bowie, MD 20715, Vereinigte Staaten",Found
539,NUMENTUS TECHNOLOGIES INC.,"Adresse : 112 S. French St, Wilmington, DE 19801, Vereinigte Staaten",Found
540,California Polytechnic State University,"Adresse : 1 Grand Ave, San Luis Obispo, CA 93407, Vereinigte Staaten",Found
541,University of Alaska Anchorage Campus,"Adresse : 3211 Providence Dr, Anchorage, AK 99508, Vereinigte Staaten",Found
542,Ursinus College,"Adresse : 601 E Main St, Collegeville, PA 19426, Vereinigte Staaten",Found
543,Eidgenössische Technische Hochschule (ETH) Zürich,"Adresse : Rämistrasse 101, 8092 Zürich, Schweiz",Found
544,Vassar College,"Adresse : 124 Raymond Ave, Poughkeepsie, NY 12604, Vereinigte Staaten",Found
545,"University of California, Berkeley","Adresse : Berkeley, CA, Vereinigte Staaten",Found
546,HAWC Observatory,"Adresse : Sierra Negra, Puebla, Mexiko",Found
547,California State University,"Adresse : 5151 State University Dr, Los Angeles, CA 90032, Vereinigte Staaten",Found
548,Donald Danforth Plant Science Center,"Adresse : 975 N Warson Rd, Olivette, MO 63132, Vereinigte Staaten",Found
549,Dine College,"Adresse : Tsaile, Arizona 86556, Vereinigte Staaten",Found
550,Texas A&M University-San Antonio,"Adresse : 1 University Way, San Antonio, TX 78224, Vereinigte Staaten",Found
551,Toyota Technological Institute at Chicago,"Adresse : 6045 S Kenwood Ave, Chicago, IL 60637, Vereinigte Staaten",Found
552,CUNY Brooklyn College,"Adresse : 2900 Bedford Ave, Brooklyn, NY 11210, Vereinigte Staaten",Found
553,University of Pennsylvania,"Adresse : Philadelphia, PA 19104, Vereinigte Staaten",Found
554,James Madison University,"Adresse : 800 S Main St, Harrisonburg, VA 22807, Vereinigte Staaten",Found
555,Texas A&M Experiment Station,"Adresse : 1470 William D. Fitch Pkwy, College Station, TX 77845, Vereinigte Staaten",Found
556,University of Tulsa,"Adresse : 800 S Tucker Dr, Tulsa, OK 74104, Vereinigte Staaten",Found
557,Embry Riddle Aeronautical University,"Adresse : 1 Aerospace Blvd, Daytona Beach, FL 32114, Vereinigte Staaten",Found
558,Louisiana Universities Marine Corsortium,"Adresse : 8124 LA-56, Chauvin, LA 70344, Vereinigte Staaten",Found
559,University of North Carolina Charlotte,"Adresse : 9201 University City Blvd, Charlotte, NC 28223, Vereinigte Staaten",Found
560,Santa Fe Institute,"Adresse : 1399 Hyde Park Rd, Santa Fe, NM 87501, Vereinigte Staaten",Found
561,Miami Dade College,"Adresse : 300 NE 2nd Ave, Miami, FL 33132, Vereinigte Staaten",Found
562,Monterey Bay Aquarium Research Institute,"Adresse : 7700 Sandholdt Rd, Moss Landing, CA 95039, Vereinigte Staaten",Found
563,College of Our Lady of the Elms,"Adresse : 291 Springfield St, Chicopee, MA 01013, Vereinigte Staaten",Found
564,CUNY Hostos Community College,"Adresse : 500 Grand Concourse, Bronx, NY 10451, Vereinigte Staaten",Found
565,Northern Virginia Community College,"Adresse : 8333 Little River Turnpike, Annandale, VA 22003, Vereinigte Staaten",Found
566,Lorain County Community College,"Adresse : 1005 Abbe Rd N, Elyria, OH 44035, Vereinigte Staaten",Found
567,North Dakota State College of Science,"Adresse : 800 6th St N, Wahpeton, ND 58076, Vereinigte Staaten",Found
568,Willamette University,"Adresse : 900 State St, Salem, OR 97301, Vereinigte Staaten",Found
569,Caltech,"Adresse : 1200 E California Blvd, Pasadena, CA 91125, Vereinigte Staaten",Found
570,Field Museum of Natural History,"Adresse : 1400 S Lake Shore Dr, Chicago, IL 60605, Vereinigte Staaten",Found
571,University of alabama,"Adresse : Tuscaloosa, AL 35487, Vereinigte Staaten",Found
572,University of Maryland,"Adresse : College Park, MD 20742, Vereinigte Staaten",Found
573,The University of Georgia Foundation,"Adresse : 1 Press Pl Ste 101, Athens, GA 30601, Vereinigte Staaten",Found
574,University of Sounther California,"Adresse : Los Angeles, CA 90007, Vereinigte Staaten",Found
575,University of California Santa Cruz,"Adresse : 1156 High St, Santa Cruz, CA 95064, Vereinigte Staaten",Found
576,Southern Utah University,"Adresse : 351 W University Blvd, Cedar City, UT 84720, Vereinigte Staaten",Found
577,STEG AI CORPORATION,"Adresse : 111 Town Square Place, Jersey City, NJ 07310, Vereinigte Staaten",Found
578,Grand Canyon University,"Adresse : 3300 W Camelback Rd, Phoenix, AZ 85017, Vereinigte Staaten",Found
579,American Society for Microbiology,"Adresse : 1752 N St NW, Washington, DC 20036, Vereinigte Staaten",Found
580,Florida Institute of Technology,"Adresse : 150 W University Blvd, Melbourne, FL 32901, Vereinigte Staaten",Found
581,Texas A&M University-Commerce,"Adresse : 2600 S Neal St, Commerce, TX 75428, Vereinigte Staaten",Found
582,University of South Dakota Main Campus,"Adresse : 414 E Clark St, Vermillion, SD 57069, Vereinigte Staaten",Found
583,Ferris State University (Inc.),"Adresse : 1201 S State St, Big Rapids, MI 49307, Vereinigte Staaten",Found
584,AZUSA PACIFIC UNIVERSITY,"Adresse : 901 E Alosta Ave, Azusa, CA 91702, Vereinigte Staaten",Found
585,NEW YORK UNIVERSITY,"Adresse : New York, NY 10012, Vereinigte Staaten",Found
586,"The University Corporation, Northridge","Adresse : Jerome Richfield Hall, Northridge, CA 91325, Vereinigte Staaten",Found
587,University of Alaska Fairbanks,"Adresse : 505 S Chandalar, Fairbanks, AK 99775, Vereinigte Staaten",Found
588,"University of Colorado, Boulder","Adresse : Boulder, CO 80309, Vereinigte Staaten",Found
589,washington University,"Adresse : 1 Brookings Dr, St. Louis, MO 63130, Vereinigte Staaten",Found
590,IRIS,"Adresse : 1200 New York Ave NW, Washington, DC 20005, Vereinigte Staaten",Found
591,Georgia State University,"Adresse : Atlanta, GA 30302, Vereinigte Staaten",Found
592,"EarthScope, In c","Adresse : 1200 New York Ave NW, Washington, DC 20005, Vereinigte Staaten",Found
593,Battelle Memorial Institute,"Adresse : 505 King Ave, Columbus, OH 43201, Vereinigte Staaten",Found
594,Langston University,"Adresse : 701 Sammy Davis Jr Dr, Langston, OK 73050, Vereinigte Staaten",Found
595,"Association of Universities for Research in Astronomy, Inc.","Adresse : 1212 New York Ave NW, Washington, DC 20005, Vereinigte Staaten",Found
596,University of Texas at Tyler,"Adresse : 3900 University Blvd, Tyler, TX 75799, Vereinigte Staaten",Found
